﻿<?xml version="1.0" encoding="utf-8"?>
<List xmlns:ows="Microsoft SharePoint" Title="Iascend.Intranet.Webparts - AlertsList" FolderCreation="FALSE" Direction="$Resources:Direction;" Url="Lists/Iascend.Intranet.Webparts-AlertsList" BaseType="0" xmlns="http://schemas.microsoft.com/sharepoint/">
  <MetaData>
    <ContentTypes>
      <ContentType ID="0x01040093f8c37c320b42da84991a094777be7e" Name="Iascend.Intranet.Webparts - AlertsContentType" Group="Iascend Content Types" Description="My Content Type" Inherits="TRUE" Version="0">
        <FieldRefs>
          <FieldRef ID="{d3a92d97-2b77-4a25-9698-3ab54874bc12}" Name="Display" DisplayName="Display" />
        </FieldRefs>
      </ContentType>
    </ContentTypes>
    <Fields>
      <Field ID="{7662cd2c-f069-4dba-9e35-082cf976e170}" Type="Note" RichText="TRUE" RichTextMode="FullHtml" IsolateStyles="TRUE" NumLines="15" Name="Body" DisplayName="$Resources:core,camlid2;" Sortable="FALSE" SourceID="http://schemas.microsoft.com/sharepoint/v3" StaticName="Body">
      </Field>
      <Field ID="{6a09e75b-8d17-4698-94a8-371eda1af1ac}" Type="DateTime" Name="Expires" DisplayName="$Resources:core,camlid3;" Format="DateOnly" FromBaseType="TRUE" SourceID="http://schemas.microsoft.com/sharepoint/v3" StaticName="Expires">
      </Field>
      <Field ID="{d3a92d97-2b77-4a25-9698-3ab54874bc12}" Name="Display" Type="Boolean" DisplayName="Display" Required="FALSE">

    </Field>
    </Fields>
    <Views>
      <View BaseViewID="0" FreeForm="TRUE" Type="HTML" MobileView="TRUE" TabularView="FALSE">
        <Toolbar Type="Standard" />
        <XslLink>main.xsl</XslLink>
        <Query>
          <Where>
            <Or>
              <IsNull>
                <FieldRef Name="Expires" />
              </IsNull>
              <Geq>
                <FieldRef Name="Expires">
                </FieldRef>
                <Value Type="DateTime">
                  <Today>
                  </Today>
                </Value>
              </Geq>
            </Or>
          </Where>
          <OrderBy>
            <FieldRef Name="Modified" Ascending="FALSE">
            </FieldRef>
          </OrderBy>
        </Query>
        <ViewFields>
          <FieldRef Name="LinkTitleNoMenu" Explicit="TRUE">
          </FieldRef>
          <FieldRef Name="Body" Explicit="TRUE">
          </FieldRef>
            <FieldRef Name="Display" Explicit="TRUE">
            </FieldRef>
          <FieldRef Name="Author" Explicit="TRUE">
          </FieldRef>
          <FieldRef Name="Modified" Explicit="TRUE">
          </FieldRef>
          <FieldRef Name="Attachments" Explicit="TRUE">
          </FieldRef>
        </ViewFields>
        <RowLimit>5</RowLimit>
        <ParameterBindings>
          <ParameterBinding Name="NoAnnouncements" Location="Resource(wss,NoAnnouncements)" />
          <ParameterBinding Name="NoAnnouncementsHowTo" Location="Resource(wss,NoAnnouncementsHowTo)" />
          <ParameterBinding Name="AddNewAnnouncement" Location="Resource(wss,idHomePageNewAnnounce)" />
          <ParameterBinding Name="MoreAnnouncements" Location="Resource(wss,MoreAnnouncements)" />
          <ParameterBinding Name="ByText" Location="Resource(wss,2000)" />
        </ParameterBindings>
      </View>
      <View BaseViewID="1" Type="HTML" WebPartZoneID="Main" DisplayName="$Resources:core,camlid4;" DefaultView="TRUE" MobileView="True" MobileDefaultView="True" SetupPath="pages\viewpage.aspx" ImageUrl="/_layouts/images/announce.png" Url="AllItems.aspx">
        <Toolbar Type="Standard" />
        <XslLink Default="TRUE">main.xsl</XslLink>
        <RowLimit Paged="TRUE">30</RowLimit>
        <ParameterBindings>
          <ParameterBinding Name="NoAnnouncements" Location="Resource(wss,noXinviewofY_LIST)" />
          <ParameterBinding Name="NoAnnouncementsHowTo" Location="Resource(wss,noXinviewofY_DEFAULT)" />
        </ParameterBindings>
        <ViewFields>
          <FieldRef Name="Attachments">
          </FieldRef>
          <FieldRef Name="LinkTitle">
          </FieldRef>
          <FieldRef Name="Modified">
          </FieldRef>
        </ViewFields>
        <Query>
          <OrderBy>
            <FieldRef Name="Modified" Ascending="FALSE">
            </FieldRef>
          </OrderBy>
        </Query>
      </View>
      <View BaseViewID="3" FreeForm="TRUE" Type="HTML" TabularView="FALSE">
        <Toolbar Type="Standard" />
        <XslLink>main.xsl</XslLink>
        <Query>
          <Where>
            <Or>
              <IsNull>
                <FieldRef Name="Expires" />
              </IsNull>
              <Geq>
                <FieldRef Name="Expires">
                </FieldRef>
                <Value Type="DateTime">
                  <Today>
                  </Today>
                </Value>
              </Geq>
            </Or>
          </Where>
          <OrderBy>
            <FieldRef Name="Modified" Ascending="FALSE">
            </FieldRef>
          </OrderBy>
        </Query>
        <ParameterBindings>
          <ParameterBinding Name="NoAnnouncements" Location="Resource(wss,noXinviewofY_LIST)" />
          <ParameterBinding Name="NoAnnouncementsHowTo" Location="Resource(wss,noXinviewofY_DEFAULT)" />
        </ParameterBindings>
        <ViewFields>
          <FieldRef Name="LinkTitleNoMenu" Explicit="TRUE">
          </FieldRef>
          <FieldRef Name="Body" Explicit="TRUE">
          </FieldRef>
          <FieldRef Name="Author" Explicit="TRUE">
          </FieldRef>
          <FieldRef Name="Modified" Explicit="TRUE">
          </FieldRef>
          <FieldRef Name="Attachments" Explicit="TRUE">
          </FieldRef>
        </ViewFields>
        <RowLimit>3</RowLimit>
      </View>
    </Views>
    <Forms>
      <Form Type="DisplayForm" Url="DispForm.aspx" SetupPath="pages\form.aspx" WebPartZoneID="Main" />
      <Form Type="EditForm" Url="EditForm.aspx" SetupPath="pages\form.aspx" WebPartZoneID="Main" />
      <Form Type="NewForm" Url="NewForm.aspx" SetupPath="pages\form.aspx" WebPartZoneID="Main" />
    </Forms>
    <DefaultDescription>$Resources:onetid10;</DefaultDescription>
  </MetaData>
</List>