﻿<?xml version="1.0" encoding="utf-8"?>
<List xmlns:ows="Microsoft SharePoint" Title="Iascend.Intranet.Webparts - UpcomingEventsList" Direction="$Resources:Direction;" Url="Lists/Iascend.Intranet.Webparts-UpcomingEventsList" EnableContentTypes="TRUE" MultipleTypes="TRUE" BaseType="0" xmlns="http://schemas.microsoft.com/sharepoint/">
  <MetaData>
    <ContentTypes>
      <ContentType ID="0x010200d1e486d1f24345f8b93e0f8bfeb0452d" Name="Upcoming Events Content Type" Group="Iascend Content Types" Description="My Content Type" Inherits="TRUE" Version="0">
        <FieldRefs>
          <FieldRef ID="{CAF1271A-7104-40d6-9616-877ABC5ED113}" Name="DisplayAcrossSite" DisplayName="Display Across Site" />
        </FieldRefs>
      </ContentType>
    </ContentTypes>
    <Fields>
      <Field ID="{288f5f32-8462-4175-8f09-dd7ba29359a9}" Type="Text" Name="Location" DisplayName="$Resources:core,Location;" Sealed="TRUE" SourceID="http://schemas.microsoft.com/sharepoint/v3" StaticName="Location">
      </Field>
      <Field Type="DateTime" ID="{64cd368d-2f95-4bfc-a1f9-8d4324ecb007}" Name="EventDate" DisplayName="$Resources:core,Start_Time;" Format="DateTime" Sealed="TRUE" Required="TRUE" FromBaseType="TRUE" Filterable="FALSE" FilterableNoRecurrence="TRUE" SourceID="http://schemas.microsoft.com/sharepoint/v3" StaticName="EventDate">
        <Default>[today]</Default>
        <FieldRefs>
          <FieldRef Name="fAllDayEvent" RefType="AllDayEvent" />
        </FieldRefs>
      </Field>
      <Field ID="{2684f9f2-54be-429f-ba06-76754fc056bf}" Type="DateTime" Name="EndDate" DisplayName="$Resources:core,End_Time;" Format="DateTime" Sealed="TRUE" Required="TRUE" Filterable="FALSE" FilterableNoRecurrence="TRUE" Indexed="TRUE" SourceID="http://schemas.microsoft.com/sharepoint/v3" StaticName="EndDate">
        <Default>[today]</Default>
        <FieldRefs>
          <FieldRef Name="fAllDayEvent" RefType="AllDayEvent" />
        </FieldRefs>
      </Field>
      <Field Type="Note" ID="{9da97a8a-1da5-4a77-98d3-4bc10456e700}" Name="Description" RichText="TRUE" DisplayName="$Resources:core,Description;" Sortable="FALSE" Sealed="TRUE" SourceID="http://schemas.microsoft.com/sharepoint/v3" StaticName="Description">
      </Field>
      <Field ID="{7d95d1f4-f5fd-4a70-90cd-b35abc9b5bc8}" Type="AllDayEvent" Name="fAllDayEvent" DisplaceOnUpgrade="TRUE" DisplayName="$Resources:core,All_Day_Event;" Sealed="TRUE" SourceID="http://schemas.microsoft.com/sharepoint/v3" StaticName="fAllDayEvent">
        <FieldRefs>
          <FieldRef Name="EventDate" RefType="StartDate" />
          <FieldRef Name="EndDate" RefType="EndDate" />
          <FieldRef Name="TimeZone" RefType="TimeZone" />
          <FieldRef Name="XMLTZone" RefType="XMLTZone" />
        </FieldRefs>
      </Field>
      <Field ID="{f2e63656-135e-4f1c-8fc2-ccbe74071901}" Type="Recurrence" Name="fRecurrence" DisplayName="$Resources:core,Recurrence;" DisplayImage="recur.gif" ExceptionImage="recurEx.gif" HeaderImage="recurrence.gif" ClassInfo="Icon" Title="$Resources:core,Recurrence;" Sealed="TRUE" NoEditFormBreak="TRUE" SourceID="http://schemas.microsoft.com/sharepoint/v3" StaticName="fRecurrence">
        <Default>FALSE</Default>
        <FieldRefs>
          <FieldRef Name="RecurrenceData" RefType="RecurData" />
          <FieldRef Name="EventType" RefType="EventType" />
          <FieldRef Name="UID" RefType="UID" />
          <FieldRef Name="RecurrenceID" RefType="RecurrenceId" />
          <FieldRef Name="EventCanceled" RefType="EventCancel" />
          <FieldRef Name="EventDate" RefType="StartDate" />
          <FieldRef Name="EndDate" RefType="EndDate" />
          <FieldRef Name="Duration" RefType="Duration" />
          <FieldRef Name="TimeZone" RefType="TimeZone" />
          <FieldRef Name="XMLTZone" RefType="XMLTZone" />
          <FieldRef Name="MasterSeriesItemID" RefType="MasterSeriesItemID" />
          <FieldRef Name="WorkspaceLink" RefType="CPLink" />
          <FieldRef Name="Workspace" RefType="LinkURL" />
        </FieldRefs>
      </Field>
      <Field ID="{08fc65f9-48eb-4e99-bd61-5946c439e691}" Type="CrossProjectLink" Name="WorkspaceLink" Format="EventList" DisplayName="$Resources:core,Workspace;" DisplayImage="mtgicon.gif" HeaderImage="mtgicnhd.gif" ClassInfo="Icon" Title="$Resources:core,Meeting_Workspace;" Filterable="TRUE" Sealed="TRUE" SourceID="http://schemas.microsoft.com/sharepoint/v3" StaticName="WorkspaceLink">
        <FieldRefs>
          <FieldRef Name="Workspace" RefType="LinkURL" CreateURL="newMWS.aspx">$Resources:core,Calendar_MeetingWorkspaceField_Desc;</FieldRef>
          <FieldRef Name="RecurrenceID" RefType="RecurrenceId" DisplayName="$Resources:core,Instance_ID;" />
          <FieldRef Name="EventType" RefType="EventType" />
          <FieldRef Name="UID" RefType="UID" />
        </FieldRefs>
      </Field>
      <Field ID="{5d1d4e76-091a-4e03-ae83-6a59847731c0}" Type="Integer" Name="EventType" DisplayName="$Resources:core,Event_Type;" Sealed="TRUE" Hidden="TRUE" SourceID="http://schemas.microsoft.com/sharepoint/v3" StaticName="EventType">
      </Field>
      <Field ID="{63055d04-01b5-48f3-9e1e-e564e7c6b23b}" Type="Guid" Name="UID" DisplayName="$Resources:core,UID;" Sealed="TRUE" Hidden="TRUE" SourceID="http://schemas.microsoft.com/sharepoint/v3" StaticName="UID">
      </Field>
      <Field ID="{dfcc8fff-7c4c-45d6-94ed-14ce0719efef}" Type="DateTime" Name="RecurrenceID" DisplayName="$Resources:core,Recurrence_ID;" CalType="1" Format="ISO8601Gregorian" Sealed="TRUE" Hidden="TRUE" SourceID="http://schemas.microsoft.com/sharepoint/v3" StaticName="RecurrenceID">
      </Field>
      <Field ID="{b8bbe503-bb22-4237-8d9e-0587756a2176}" Type="Boolean" Name="EventCanceled" DisplayName="$Resources:core,Event_Canceled;" Sealed="TRUE" Hidden="TRUE" SourceID="http://schemas.microsoft.com/sharepoint/v3" StaticName="EventCanceled">
      </Field>
      <Field ID="{4d54445d-1c84-4a6d-b8db-a51ded4e1acc}" Type="Integer" Name="Duration" DisplayName="$Resources:core,Duration;" Hidden="TRUE" Sealed="TRUE" SourceID="http://schemas.microsoft.com/sharepoint/v3" StaticName="Duration">
      </Field>
      <Field ID="{d12572d0-0a1e-4438-89b5-4d0430be7603}" Type="Note" Name="RecurrenceData" DisplayName="$Resources:core,RecurrenceData;" Hidden="TRUE" Sealed="TRUE" SourceID="http://schemas.microsoft.com/sharepoint/v3" StaticName="RecurrenceData">
      </Field>
      <Field ID="{6cc1c612-748a-48d8-88f2-944f477f301b}" Type="Integer" Name="TimeZone" DisplayName="$Resources:core,TimeZone;" Sealed="TRUE" Hidden="TRUE" SourceID="http://schemas.microsoft.com/sharepoint/v3" StaticName="TimeZone">
      </Field>
      <Field ID="{c4b72ed6-45aa-4422-bff1-2b6750d30819}" Type="Note" Name="XMLTZone" DisplayName="$Resources:core,XMLTZone;" Hidden="TRUE" Sealed="TRUE" SourceID="http://schemas.microsoft.com/sharepoint/v3" StaticName="XMLTZone">
      </Field>
      <Field ID="{9b2bed84-7769-40e3-9b1d-7954a4053834}" Type="Integer" Name="MasterSeriesItemID" DisplayName="$Resources:core,MasterSeriesItemID;" Sealed="TRUE" Hidden="TRUE" Indexed="TRUE" SourceID="http://schemas.microsoft.com/sharepoint/v3" StaticName="MasterSeriesItemID">
      </Field>
      <Field ID="{881eac4a-55a5-48b6-a28e-8329d7486120}" Type="URL" Name="Workspace" DisplayName="$Resources:core,WorkspaceUrl;" Hidden="TRUE" Sealed="TRUE" SourceID="http://schemas.microsoft.com/sharepoint/v3" StaticName="Workspace">
      </Field>
      <Field ID="{8137f7ad-9170-4c1d-a17b-4ca7f557bc88}" Name="ParticipantsPicker" DisplayName="$Resources:core,ParticipantsPicker;" Type="UserMulti" List="UserInfo" Mult="TRUE" Required="FALSE" ShowField="ImnName" UserSelectionMode="PeopleAndGroups" UserSelectionScope="0" Sortable="FALSE" Sealed="FALSE" AllowDeletion="FALSE" SourceID="http://schemas.microsoft.com/sharepoint/v3" StaticName="ParticipantsPicker">
      </Field>
      <Field ID="{6df9bd52-550e-4a30-bc31-a4366832a87d}" Name="Category" DisplayName="$Resources:core,GBW_SR_Category_Field;" Type="Choice" Format="Dropdown" FillInChoice="TRUE" SourceID="http://schemas.microsoft.com/sharepoint/v3" StaticName="Category">
        <CHOICES>
          <CHOICE>$Resources:core,GBW_SR_Category_Meeting;</CHOICE>
          <CHOICE>$Resources:core,GBW_SR_Category_WorkHours;</CHOICE>
          <CHOICE>$Resources:core,GBW_SR_Category_Business;</CHOICE>
          <CHOICE>$Resources:core,GBW_SR_Category_Holiday;</CHOICE>
          <CHOICE>$Resources:core,GBW_SR_Category_GetTogether;</CHOICE>
          <CHOICE>$Resources:core,GBW_SR_Category_Gifts;</CHOICE>
          <CHOICE>$Resources:core,GBW_SR_Category_Birthday;</CHOICE>
          <CHOICE>$Resources:core,GBW_SR_Category_Anniversary;</CHOICE>
        </CHOICES>
      </Field>
      <Field ID="{a4e7b3e1-1b0a-4ffa-8426-c94d4cb8cc57}" Name="Facilities" DisplayName="$Resources:core,GBW_SR_Facilities_Field;" Type="Facilities" Mult="TRUE" ShowField="Title" Sortable="FALSE" CanToggleHidden="TRUE" Sealed="FALSE" SourceID="http://schemas.microsoft.com/sharepoint/v3" StaticName="Facilities">
      </Field>
      <Field ID="{393003f9-6ccb-4ea9-9623-704aa4748dec}" Name="FreeBusy" DisplayName="$Resources:core,GBW_SR_FreeBusyCalendar_Field;" Type="FreeBusy" Sortable="FALSE" CanToggleHidden="TRUE" ShowInDisplayForm="FALSE" Sealed="TRUE" SourceID="http://schemas.microsoft.com/sharepoint/v3" StaticName="FreeBusy">
      </Field>
      <Field ID="{d8cd5bcf-3768-4d6c-a8aa-fefa3c793d8d}" Name="Overbook" DisplayName="$Resources:core,GBW_SR_Overbook_Field;" Type="Overbook" Sortable="FALSE" CanToggleHidden="TRUE" ShowInDisplayForm="FALSE" Sealed="TRUE" SourceID="http://schemas.microsoft.com/sharepoint/v3" StaticName="Overbook">
      </Field>
      <Field ID="{453c2d71-c41e-46bc-97c1-a5a9535053a3}" Name="Participants" DisplayName="HiddenParticipants" Type="Note" Sortable="FALSE" Sealed="TRUE" StaticName="Participants" Hidden="TRUE" SourceID="http://schemas.microsoft.com/sharepoint/v3">
      </Field>
      <Field ID="{CAF1271A-7104-40d6-9616-877ABC5ED113}" Name="DisplayAcrossSite" Type="Boolean" DisplayName="Display Across Site" Required="True">

    </Field>
    </Fields>
    <Views>
      <View BaseViewID="0" Type="HTML" RecurrenceRowset="TRUE" TabularView="FALSE" MobileView="TRUE">
        <Toolbar Type="Standard" />
        <XslLink>main.xsl</XslLink>
        <Query>
          <Where>
            <DateRangesOverlap>
              <FieldRef Name="EventDate">
              </FieldRef>
              <FieldRef Name="EndDate">
              </FieldRef>
              <FieldRef Name="RecurrenceID">
              </FieldRef>
              <Value Type="DateTime">
                <Now />
              </Value>
            </DateRangesOverlap>
          </Where>
        </Query>
        <ParameterBindings>
          <ParameterBinding Name="NoAnnouncements" Location="Resource(wss,noevents_toaddeventclickaddnewevent)" />
          <ParameterBinding Name="NoAnnouncementsHowTo" Location="Resource(wss,noevents_toaddeventclickaddnewevent_howto)" />
          <ParameterBinding Name="AddNewAnnouncement" Location="Resource(wss,AddNewEvent)" />
          <ParameterBinding Name="MoreAnnouncements" Location="Resource(wss,more_events)" />
        </ParameterBindings>
        <ViewFields>
          <FieldRef Name="EventDate" Explicit="TRUE">
          </FieldRef>
          <FieldRef Name="LinkTitleNoMenu" Explicit="TRUE">
          </FieldRef>
          <FieldRef Name="Description" Explicit="TRUE">
          </FieldRef>
          <FieldRef Name="Attachments" Explicit="TRUE">
          </FieldRef>
          <FieldRef Name="fRecurrence" Explicit="TRUE">
          </FieldRef>
        </ViewFields>
        <RowLimit>10</RowLimit>
        <Query>
          <OrderBy>
            <FieldRef Name="EventDate">
            </FieldRef>
          </OrderBy>
        </Query>
      </View>
      <View BaseViewID="1" Type="HTML" WebPartZoneID="Main" DisplayName="$Resources:core,userinfo_schema_alleventsview;" MobileView="TRUE" SetupPath="pages\viewpage.aspx" ImageUrl="/_layouts/images/events.png" Url="AllItems.aspx" DefaultBaseView="TRUE">
        <Toolbar Type="Standard" />
        <XslLink Default="TRUE">main.xsl</XslLink>
        <RowLimit Paged="TRUE">30</RowLimit>
        <ParameterBindings>
          <ParameterBinding Name="NoAnnouncements" Location="Resource(wss,noXinviewofY_LIST)" />
          <ParameterBinding Name="NoAnnouncementsHowTo" Location="Resource(wss,noXinviewofY_DEFAULT)" />
        </ParameterBindings>
        <ViewFields>
          <FieldRef Name="fRecurrence" />
          <FieldRef Name="Attachments">
          </FieldRef>
          <FieldRef Name="WorkspaceLink" />
          <FieldRef Name="LinkTitle">
          </FieldRef>
          <FieldRef Name="Location">
          </FieldRef>
          <FieldRef Name="EventDate">
          </FieldRef>
          <FieldRef Name="EndDate">
          </FieldRef>
          <FieldRef Name="fAllDayEvent">
          </FieldRef>
        </ViewFields>
        <Query>
          <OrderBy>
            <FieldRef Name="EventDate">
            </FieldRef>
          </OrderBy>
        </Query>
      </View>
      <View BaseViewID="2" Type="CALENDAR" WebPartZoneID="Main" DisplayName="$Resources:core,userinfo_schema_calendarview;" MobileView="TRUE" MobileDefaultView="TRUE" SetupPath="pages\viewpage.aspx" ImageUrl="/_layouts/images/events.png" TabularView="FALSE" Url="calendar.aspx" RecurrenceRowset="TRUE" DefaultView="TRUE" MobileUrl="_layouts/mobile/viewdaily.aspx">
        <Toolbar Type="Standard" />
        <ParameterBindings>
          <ParameterBinding Name="NoAnnouncements" Location="Resource(wss,noXinviewofY_LIST)" />
          <ParameterBinding Name="NoAnnouncementsHowTo" Location="Resource(wss,noXinviewofY_DEFAULT)" />
        </ParameterBindings>
        <ViewFields>
          <FieldRef Name="EventDate">
          </FieldRef>
          <FieldRef Name="EndDate">
          </FieldRef>
          <FieldRef Name="fRecurrence" />
          <FieldRef Name="EventType" />
          <FieldRef Name="Attachments">
          </FieldRef>
          <FieldRef Name="WorkspaceLink" />
          <FieldRef Name="Title">
          </FieldRef>
          <FieldRef Name="Location">
          </FieldRef>
          <FieldRef Name="Description" />
          <FieldRef Name="Workspace">
          </FieldRef>
          <FieldRef Name="MasterSeriesItemID">
          </FieldRef>
          <FieldRef Name="fAllDayEvent">
          </FieldRef>
        </ViewFields>
        <ViewData>
          <FieldRef Name="Title" Type="CalendarMonthTitle">
          </FieldRef>
          <FieldRef Name="Title" Type="CalendarWeekTitle">
          </FieldRef>
          <FieldRef Name="Location" Type="CalendarWeekLocation">
          </FieldRef>
          <FieldRef Name="Title" Type="CalendarDayTitle">
          </FieldRef>
          <FieldRef Name="Location" Type="CalendarDayLocation">
          </FieldRef>
        </ViewData>
        <Query>
          <Where>
            <DateRangesOverlap>
              <FieldRef Name="EventDate">
              </FieldRef>
              <FieldRef Name="EndDate">
              </FieldRef>
              <FieldRef Name="RecurrenceID">
              </FieldRef>
              <Value Type="DateTime">
                <Month>
                </Month>
              </Value>
            </DateRangesOverlap>
          </Where>
        </Query>
      </View>
      <View BaseViewID="3" Type="HTML" WebPartZoneID="Main" DisplayName="$Resources:core,userinfo_schema_curreventsview;" MobileView="TRUE" SetupPath="pages\viewpage.aspx" ImageUrl="/_layouts/images/events.png" Url="MyItems.aspx" ReqAuth="TRUE" RecurrenceRowset="TRUE">
        <Toolbar Type="Standard" />
        <XslLink Default="TRUE">main.xsl</XslLink>
        <ParameterBindings>
          <ParameterBinding Name="NoAnnouncements" Location="Resource(wss,noXinviewofY_LIST)" />
          <ParameterBinding Name="NoAnnouncementsHowTo" Location="Resource(wss,noXinviewofY_DEFAULT)" />
        </ParameterBindings>
        <ViewFields>
          <FieldRef Name="fRecurrence">
          </FieldRef>
          <FieldRef Name="Attachments">
          </FieldRef>
          <FieldRef Name="WorkspaceLink" />
          <FieldRef Name="LinkTitle">
          </FieldRef>
          <FieldRef Name="Location">
          </FieldRef>
          <FieldRef Name="EventDate">
          </FieldRef>
          <FieldRef Name="EndDate">
          </FieldRef>
          <FieldRef Name="fAllDayEvent">
          </FieldRef>
        </ViewFields>
        <Query>
          <Where>
            <DateRangesOverlap>
              <FieldRef Name="EventDate" />
              <FieldRef Name="EndDate" />
              <FieldRef Name="RecurrenceID" />
              <Value Type="DateTime">
                <Now>
                </Now>
              </Value>
            </DateRangesOverlap>
          </Where>
          <OrderBy>
            <FieldRef Name="EventDate">
            </FieldRef>
          </OrderBy>
        </Query>
        <RowLimit Paged="TRUE">100</RowLimit>
      </View>
    </Views>
    <Forms>
      <Form Type="DisplayForm" Url="DispForm.aspx" SetupPath="pages\form.aspx" WebPartZoneID="Main" />
      <Form Type="EditForm" Url="EditForm.aspx" SetupPath="pages\form.aspx" WebPartZoneID="Main" />
      <Form Type="NewForm" Url="NewForm.aspx" SetupPath="pages\form.aspx" WebPartZoneID="Main" />
    </Forms>
    <DefaultDescription>$Resources:camlidE14;</DefaultDescription>
  </MetaData>
</List>