﻿<?xml version="1.0" encoding="utf-8"?>
<Elements xmlns="http://schemas.microsoft.com/sharepoint/">
    <CustomAction Title="Email Alert Outage Resolution" Id="{2DE43A94-4746-495E-A008-DC3F0AC43AA5}"
                  Location="CommandUI.Ribbon.DisplayForm"
                  RegistrationId="104"
                  RegistrationType="List"
                  Sequence="0"
                  RequireSiteAdministrator="true"
                  Rights="EditListItems"
                  xmlns="http://schemas.microsoft.com/sharepoint/">
        <UrlAction Url="/Lists/Tickers/DispForm.aspx?ID={ItemId}" />
        <CommandUIExtension xmlns="http://schemas.microsoft.com/sharepoint/">
            <CommandUIDefinitions>
                <CommandUIDefinition Location="Ribbon.ListForm.Display.Manage.Controls._children">
                    <Button Id="{D9C4AC3C-0E64-4046-8432-0FDED61AD501}"
                            Command="{0F44C485-08CC-42FD-9311-993C0309C0C7}"
                            Image32by32="/_layouts/images/Iascend.Intranet.Site/icon-email.gif"
                            Image16by16="/_layouts/images/Iascend.Intranet.Site/icon-email-sm.gif"
                            Sequence="0"
                            LabelText="Email Alert Outage Resolution"
                            Description=""
                            TemplateAlias="o1" />
                </CommandUIDefinition>
            </CommandUIDefinitions>
            <CommandUIHandlers>
                <!--Button Handler using script function in RibbonScripts.js file-->
                <CommandUIHandler
                  Command="{0F44C485-08CC-42FD-9311-993C0309C0C7}"
                  CommandAction="javascript:
         var options = {
        url: '/It/_layouts/Iascend.Intranet.Site/SendOutageResolution.aspx?itemId=' + {ItemId} + '&amp;listId={439F7D30-DF0C-439E-99A7-45288B5234B4}',
        tite: 'Email Alerts',
        allowMaximize: false,
        showClose: true,
        width: 800,
        height: 600
    };
    SP.UI.ModalDialog.showModalDialog(options);
    "/>
            </CommandUIHandlers>
        </CommandUIExtension>
    </CustomAction>
    <!--ScriptLink for referencing command UI handler scripts from external script file -->
    <CustomAction Id="Ribbon.Library.Actions.Scripts"
                  Location ="ScriptLink"
                  ScriptSrc="/_layouts/Iascend.Intranet.Site/Scripts/RibbonScripts.js" />

</Elements>