<?xml version="1.0" encoding="utf-8"?>
<Elements xmlns="http://schemas.microsoft.com/sharepoint/">
  <Module Name="PageLayouts" Url="_catalogs/masterpage">
  <File Path="PageLayouts\Iascend.master" Url="Iascend.master" Type="GhostableInLibrary" />
<File Path="PageLayouts\IascendWelcomeInternal.aspx" Url="IascendWelcomeInternal.aspx" Type="GhostableInLibrary"/>
<File Path="PageLayouts\IascendWelcomeExternal.aspx" Url="IascendWelcomeExternal.aspx" Type="GhostableInLibrary"/>
<File Path="PageLayouts\IascendBlankWebPartPage.aspx" Url="IascendBlankWebPartPage.aspx" Type="GhostableInLibrary"/>
<File Path="PageLayouts\IascendPageFromDocLayout.aspx" Url="IascendPageFromDocLayout.aspx" Type="GhostableInLibrary"/>
<File Path="PageLayouts\IascendWelcomeTopLevel.aspx" Url="PageLayouts/IascendWelcomeTopLevel.aspx" />
</Module>
</Elements>
