﻿<?xml version="1.0" encoding="utf-8"?>
<List xmlns:ows="Microsoft SharePoint" Title="RandomStoryRotaterList" FolderCreation="FALSE" EnableContentTypes="TRUE"
      Direction="$Resources:Direction;" Url="Lists/Iascend.Intranet.Webparts-RandomStoryRotaterList" BaseType="0" xmlns="http://schemas.microsoft.com/sharepoint/">
  <MetaData>
    <ContentTypes>
      <ContentTypeRef ID="0x01004d360004c8074de6a25f4d8cdd3be8dd" />
      <ContentTypeRef ID="0x01">
        <Folder TargetName="Item" />
      </ContentTypeRef>
      <ContentTypeRef ID="0x0120" />
    </ContentTypes>
    <Fields>
      <Field ID="{d3a92d97-2b77-4a25-9698-3ab54874bc10}"
         Name="Story"
         Type="Note" DisplayName="Story"
         Required="TRUE" NumLines="20" RichText="TRUE"
       RichTextMode="FullHtml"
></Field>
      <Field ID="{d3a92d97-2b77-4a25-9698-3ab54874bc12}"
             Name="Display" Type="Boolean"
             DisplayName="Display"  Required="FALSE">

      </Field>
    </Fields>
    <Views>
      <View BaseViewID="0" Type="HTML" MobileView="TRUE" TabularView="FALSE">
        <Toolbar Type="Standard" />
        <XslLink Default="TRUE">main.xsl</XslLink>
        <RowLimit Paged="TRUE">30</RowLimit>
        <ViewFields>
          <FieldRef Name="LinkTitleNoMenu"></FieldRef>
        </ViewFields>
        <Query>
          <OrderBy>
            <FieldRef Name="Modified" Ascending="FALSE"></FieldRef>
          </OrderBy>
        </Query>
        <ParameterBindings>
          <ParameterBinding Name="AddNewAnnouncement" Location="Resource(wss,addnewitem)" />
          <ParameterBinding Name="NoAnnouncements" Location="Resource(wss,noXinviewofY_LIST)" />
          <ParameterBinding Name="NoAnnouncementsHowTo" Location="Resource(wss,noXinviewofY_ONET_HOME)" />
        </ParameterBindings>
      </View>
      <View BaseViewID="1" Type="HTML" WebPartZoneID="Main" DisplayName="$Resources:core,objectiv_schema_mwsidcamlidC24;" DefaultView="TRUE" MobileView="TRUE" MobileDefaultView="TRUE" SetupPath="pages\viewpage.aspx" ImageUrl="/_layouts/images/generic.png" Url="AllItems.aspx">
        <Toolbar Type="Standard" />
        <XslLink Default="TRUE">main.xsl</XslLink>
        <RowLimit Paged="TRUE">30</RowLimit>
        <ViewFields>
          <FieldRef Name="Story"></FieldRef>
          <FieldRef Name="Display"></FieldRef>
        </ViewFields>
        <Query>
          <OrderBy>
            <FieldRef Name="ID"></FieldRef>
          </OrderBy>
        </Query>
        <ParameterBindings>
          <ParameterBinding Name="NoAnnouncements" Location="Resource(wss,noXinviewofY_LIST)" />
          <ParameterBinding Name="NoAnnouncementsHowTo" Location="Resource(wss,noXinviewofY_DEFAULT)" />
        </ParameterBindings>
      </View>
    </Views>
    <Forms>
      <Form Type="DisplayForm" Url="DispForm.aspx" SetupPath="pages\form.aspx" WebPartZoneID="Main" />
      <Form Type="EditForm" Url="EditForm.aspx" SetupPath="pages\form.aspx" WebPartZoneID="Main" />
      <Form Type="NewForm" Url="NewForm.aspx" SetupPath="pages\form.aspx" WebPartZoneID="Main" />
    </Forms>
  </MetaData>
</List>