<?xml version="1.0" encoding="utf-8"?>
<Elements xmlns="http://schemas.microsoft.com/sharepoint/">
  <CustomAction Title="Email New Alert" Id="{e1c41d1a-7553-493b-99bf-9e18944254a0}"
                Location="CommandUI.Ribbon.DisplayForm"
                RegistrationId="104"
                RegistrationType="List"
                Sequence="0"
                RequireSiteAdministrator="true"
                Rights="EditListItems"
                xmlns="http://schemas.microsoft.com/sharepoint/">
    <UrlAction Url="/Lists/Tickers/DispForm.aspx?ID={ItemId}" />
    <CommandUIExtension xmlns="http://schemas.microsoft.com/sharepoint/">
      <CommandUIDefinitions>
        <CommandUIDefinition Location="Ribbon.ListForm.Display.Manage.Controls._children">
          <Button Id="{1F86ACE3-1D46-4DA5-A182-826F6EDA6770}"
                  Command="{E1BF184B-8D34-41DF-88B3-9EE1EDFBA67C}"
                  Image32by32="/_layouts/images/Iascend.Intranet.Site/icon-email.gif"
                  Image16by16="/_layouts/images/Iascend.Intranet.Site/icon-email-sm.gif"
                  Sequence="0"
                  LabelText="Email New Alert"
                  Description=""
                  TemplateAlias="o1" />
        </CommandUIDefinition>
      </CommandUIDefinitions>
      <CommandUIHandlers>
        <!--Button Handler using script function in RibbonScripts.js file-->
        <CommandUIHandler
          Command="{E1BF184B-8D34-41DF-88B3-9EE1EDFBA67C}"
          CommandAction="javascript:
         var options = {
        url: '/IT/_layouts/Iascend.Intranet.Site/SendAlertEmail.aspx?itemId=' + {ItemId} + '&amp;listId={439F7D30-DF0C-439E-99A7-45288B5234B4}',
        tite: 'Email Alerts',
        allowMaximize: false,
        showClose: true,
        width: 800,
        height: 600
    };
    SP.UI.ModalDialog.showModalDialog(options);
    "/>
      </CommandUIHandlers>
    </CommandUIExtension>
  </CustomAction>
  <!--ScriptLink for referencing command UI handler scripts from external script file -->
  <CustomAction Id="Ribbon.Library.Actions.Scripts"
                Location ="ScriptLink"
                ScriptSrc="/_layouts/Iascend.Intranet.Site/Scripts/RibbonScripts.js" />
 
</Elements>
