<?xml version="1.0" encoding="utf-8"?>
<Elements xmlns="http://schemas.microsoft.com/sharepoint/">

  <Field ID="{d3a92d97-2b77-4a25-9698-3ab54874bc10}"
        Name="Story"
        Type="Note" DisplayName="Story"
        Required="TRUE" NumLines="20" RichText="TRUE"
       RichTextMode="FullHtml"
></Field>
  <Field ID="{d3a92d97-2b77-4a25-9698-3ab54874bc12}"
         Name="Display" Type="Boolean"
         DisplayName="Display"  Required="FALSE">

  </Field>
  <ContentType
      ID="0x01004d360004c8074de6a25f4d8cdd3be8dd"
      Name="RandomStoryRotaterList"
      Group="Iascend Content Types"
      Description="RandomStoryRotaterList"
      Version="0">
    <FieldRefs>
      <FieldRef ID="{d3a92d97-2b77-4a25-9698-3ab54874bc10}" />
      <FieldRef ID="{d3a92d97-2b77-4a25-9698-3ab54874bc12}" />
    </FieldRefs>
  </ContentType>
  
  
  <!-- Do not change the value of the Name attribute below. If it does not match the folder name of the List Definition project item, 
  an error will occur when the project is run. -->
    <ListTemplate
        Name="RandomStoryRotaterList"
        Type="10001"
        AllowDeletion="TRUE"
        DisallowContentTypes="FALSE"
        BaseType="0"
        OnQuickLaunch="FALSE"
        SecurityBits="11"
        Sequence="410"
        DisplayName="RandomStoryRotaterList"
        Description="Stores stories for the RandomStoryRotatoer Webpart"
        Image="/_layouts/images/itgen.png"/>
</Elements>
