<?xml version="1.0" encoding="utf-8"?>
<Elements xmlns="http://schemas.microsoft.com/sharepoint/">
  <Module Name="Style Library" Url="Style Library">
<File Path="Style Library\images\Iascend\arrowOrange.png" Url="images/Iascend/arrowOrange.png" Type="GhostableInLibrary" />
<File Path="Style Library\images\Iascend\bgBannerLinks.png" Url="images/Iascend/bgBannerLinks.png" Type="GhostableInLibrary" />
<File Path="Style Library\images\Iascend\bgHeader.gif" Url="images/Iascend/bgHeader.gif" Type="GhostableInLibrary" />
<File Path="Style Library\images\Iascend\bgHomeBanner.gif" Url="images/Iascend/bgHomeBanner.gif" Type="GhostableInLibrary" />
<File Path="Style Library\images\Iascend\bgMarq.gif" Url="images/Iascend/bgMarq.gif" Type="GhostableInLibrary" />
<File Path="Style Library\images\Iascend\bgMarqShade.png" Url="images/Iascend/bgMarqShade.png" Type="GhostableInLibrary" />
<File Path="Style Library\images\Iascend\boxBottom.gif" Url="images/Iascend/boxBottom.gif" Type="GhostableInLibrary" />
<File Path="Style Library\images\Iascend\boxMiddle.gif" Url="images/Iascend/boxMiddle.gif" Type="GhostableInLibrary" />
<File Path="Style Library\images\Iascend\boxTop.gif" Url="images/Iascend/boxTop.gif" Type="GhostableInLibrary" />
<File Path="Style Library\images\Iascend\btnFind.gif" Url="images/Iascend/btnFind.gif" Type="GhostableInLibrary" />
<File Path="Style Library\images\Iascend\dividerMarq.gif" Url="images/Iascend/dividerMarq.gif" Type="GhostableInLibrary" />
<File Path="Style Library\images\Iascend\HomeBanner.png" Url="images/Iascend/HomeBanner.png" Type="GhostableInLibrary" />
<File Path="Style Library\images\Iascend\Logo.png" Url="images/Iascend/Logo.png" Type="GhostableInLibrary" />
<File Path="Style Library\images\Iascend\navDivider.gif" Url="images/Iascend/navDivider.gif" Type="GhostableInLibrary" />
<File Path="Style Library\images\Iascend\supportEmail.gif" Url="images/Iascend/supportEmail.gif" Type="GhostableInLibrary" />
<File Path="Style Library\images\Iascend\supportInfo.gif" Url="images/Iascend/supportInfo.gif" Type="GhostableInLibrary" />
<File Path="Style Library\images\Iascend\titleDivider.gif" Url="images/Iascend/titleDivider.gif" Type="GhostableInLibrary" />
<File Path="Style Library\EditMode.css" Url="EditMode.css" Type="GhostableInLibrary" />
<File Path="Style Library\Master.css" Url="Master.css" Type="GhostableInLibrary" />
<File Path="Style Library\images\Iascend\bgEvent.gif" Url="images/Iascend/bgEvent.gif" Type="GhostableInLibrary" />
<File Path="Style Library\images\Iascend\banner.jpg" Url="PageLayouts/banner.jpg" Type="GhostableInLibrary" />
<File Path="Style Library\XSL Style Sheets\ItemStyle.xsl" Url="XSL Style Sheets/ItemStyle.xsl" />
</Module>
</Elements>
