﻿<?xml version="1.0" encoding="utf-8"?>
<Feature xmlns="http://schemas.microsoft.com/sharepoint/" Id="2ad0ecf7-d261-479f-befc-1129ce164d05" Scope="Site" Title="Superior.Intranet.Site Feature1">
  <ElementManifests>
    <ElementManifest Location="Style Library\Elements.xml" />
    <ElementFile Location="Style Library\images\Iascend\navDivider.gif" />
    <ElementFile Location="Style Library\images\Iascend\arrowOrange.png" />
    <ElementFile Location="Style Library\images\Iascend\bgHeader.gif" />
    <ElementFile Location="Style Library\images\Iascend\bgHomeBanner.gif" />
    <ElementFile Location="Style Library\images\Iascend\bgMarq.gif" />
    <ElementFile Location="Style Library\images\Iascend\boxBottom.gif" />
    <ElementFile Location="Style Library\images\Iascend\boxMiddle.gif" />
    <ElementFile Location="Style Library\images\Iascend\boxTop.gif" />
    <ElementFile Location="Style Library\images\Iascend\btnFind.gif" />
    <ElementFile Location="Style Library\images\Iascend\dividerMarq.gif" />
    <ElementFile Location="Style Library\images\Iascend\HomeBanner.png" />
    <ElementFile Location="Style Library\images\Iascend\Logo.png" />
    <ElementFile Location="Style Library\Master.css" />
    <ElementFile Location="Style Library\images\Iascend\titleDivider.gif" />
    <ElementFile Location="Style Library\images\Iascend\bgBannerLinks.png" />
    <ElementFile Location="Style Library\images\Iascend\bgMarqShade.png" />
    <ElementFile Location="Style Library\EditMode.css" />
    <ElementFile Location="Style Library\images\Iascend\supportInfo.gif" />
    <ElementFile Location="Style Library\images\Iascend\supportEmail.gif" />
    <ElementFile Location="Style Library\images\Iascend\bgEvent.gif" />
    <ElementFile Location="Style Library\images\Iascend\banner.jpg" />
    <ElementFile Location="Style Library\XSL Style Sheets\ItemStyle.xsl" />
    <ElementManifest Location="PageLayouts\Elements.xml" />
    <ElementFile Location="PageLayouts\Iascend.master" />
    <ElementFile Location="PageLayouts\IascendWelcomeInternal.aspx" />
    <ElementFile Location="PageLayouts\IascendWelcomeExternal.aspx" />
    <ElementFile Location="PageLayouts\IascendBlankWebPartPage.aspx" />
    <ElementFile Location="PageLayouts\IascendPageFromDocLayout.aspx" />
    <ElementFile Location="PageLayouts\IascendWelcomeTopLevel.aspx" />
    <ElementManifest Location="EmailAlertButtons\Elements.xml" />
    <ElementManifest Location="OutageResolution\Elements.xml" />
  </ElementManifests>
</Feature>