<?xml version="1.0" encoding="utf-8"?>

<ContentTypes>
<ContentType ID="0x0101008DE2C495B6BBDE4BAD744149BB25F17C" Name="WhatsNew" Group="Iascend" Version="6"><Folder TargetName="_cts/DocumentType" /><Fields><Field ID="{c042a256-787d-4a6f-8a8a-cf6ab767f12d}" Name="ContentType" SourceID="http://schemas.microsoft.com/sharepoint/v3" StaticName="ContentType" Group="_Hidden" Type="Computed" DisplayName="Content Type" Sealed="TRUE" Sortable="FALSE" RenderXMLUsingPattern="TRUE" PITarget="MicrosoftWindowsSharePointServices" PIAttribute="ContentTypeID" Customization=""><FieldRefs><FieldRef ID="{03e45e84-1992-4d42-9116-26f756012634}" Name="ContentTypeId" /></FieldRefs><DisplayPattern><MapToContentType><Column Name="ContentTypeId" /></MapToContentType></DisplayPattern></Field><Field ID="{5f47e085-2150-41dc-b661-442f3027f552}" Name="SelectFilename" SourceID="http://schemas.microsoft.com/sharepoint/v3" StaticName="SelectFilename" Group="_Hidden" ReadOnly="TRUE" Type="Computed" DisplayName="Select" Hidden="TRUE" CanToggleHidden="TRUE" Filterable="FALSE" AuthoringInfo="(web part connection)" HeaderImage="blank.gif" Sortable="FALSE" Customization=""><FieldRefs><FieldRef ID="{1d22ea11-1e32-424e-89ab-9fedbadb6ce1}" Name="ID" /></FieldRefs><DisplayPattern><IfEqual><Expr1><GetVar Name="SelectedID" /></Expr1><Expr2><Column Name="ID" /></Expr2><Then><HTML><![CDATA[<img align="absmiddle" style="cursor: hand" src="/_layouts/images/rbsel.gif" alt="]]></HTML><HTML>Selected</HTML><HTML><![CDATA[">]]></HTML></Then><Else><HTML><![CDATA[<a href="javascript:SelectField(']]></HTML><GetVar Name="View" /><HTML><![CDATA[',']]></HTML><ScriptQuote NotAddingQuote="TRUE"><Column Name="ID" /></ScriptQuote><HTML><![CDATA[');return false;" onclick="javascript:SelectField(']]></HTML><GetVar Name="View" /><HTML><![CDATA[',']]></HTML><ScriptQuote NotAddingQuote="TRUE"><Column Name="ID" /></ScriptQuote><HTML><![CDATA[');return false;" target="_self">]]></HTML><HTML><![CDATA[<img border="0" align="absmiddle" style="cursor: hand" src="/_layouts/images/rbunsel.gif"  alt="]]></HTML><HTML>Normal</HTML><HTML><![CDATA[">]]></HTML><HTML><![CDATA[</a>]]></HTML></Else></IfEqual></DisplayPattern></Field><Field ID="{8553196d-ec8d-4564-9861-3dbe931050c8}" Name="FileLeafRef" SourceID="http://schemas.microsoft.com/sharepoint/v3" StaticName="FileLeafRef" Group="_Hidden" ShowInFileDlg="FALSE" ShowInVersionHistory="FALSE" Type="File" DisplayName="Name" AuthoringInfo="(for use in forms)" List="Docs" FieldRef="ID" ShowField="LeafName" JoinColName="DoclibRowId" JoinRowOrdinal="0" JoinType="INNER" Required="TRUE" Customization="" /><Field ID="{8c06beca-0777-48f7-91c7-6da68bc07b69}" Name="Created" SourceID="http://schemas.microsoft.com/sharepoint/v3" StaticName="Created" Group="_Hidden" ColName="tp_Created" RowOrdinal="0" ReadOnly="TRUE" Type="DateTime" DisplayName="Created" StorageTZ="TRUE" Hidden="TRUE" Customization="" /><Field ID="{fa564e0f-0c70-4ab9-b863-0177e6ddd247}" Name="Title" SourceID="http://schemas.microsoft.com/sharepoint/v3" StaticName="Title" Group="_Hidden" Type="Text" DisplayName="Title" Required="FALSE" FromBaseType="TRUE" Hidden="TRUE" Customization="" ShowInNewForm="FALSE" ShowInEditForm="TRUE" ReadOnly="FALSE" PITarget="" PrimaryPITarget="" PIAttribute="" PrimaryPIAttribute="" Aggregation="" Node="" /><Field ID="{28cf69c5-fa48-462a-b5cd-27b6f9d2bd5f}" Name="Modified" SourceID="http://schemas.microsoft.com/sharepoint/v3" StaticName="Modified" Group="_Hidden" ColName="tp_Modified" RowOrdinal="0" ReadOnly="TRUE" Type="DateTime" DisplayName="Modified" StorageTZ="TRUE" Hidden="TRUE" Customization="" /><Field ID="{822c78e3-1ea9-4943-b449-57863ad33ca9}" Name="Modified_x0020_By" SourceID="http://schemas.microsoft.com/sharepoint/v3" StaticName="Modified_x0020_By" Group="_Hidden" ReadOnly="TRUE" Hidden="FALSE" Type="Text" DisplayName="Document Modified By" Customization="" /><Field ID="{4dd7e525-8d6b-4cb4-9d3e-44ee25f973eb}" Name="Created_x0020_By" SourceID="http://schemas.microsoft.com/sharepoint/v3" StaticName="Created_x0020_By" Group="_Hidden" ReadOnly="TRUE" Hidden="FALSE" Type="Text" DisplayName="Document Created By" Customization="" /><Field Type="Choice" DisplayName="DocumentType" Description="Document Type" Required="FALSE" EnforceUniqueValues="FALSE" Indexed="FALSE" Format="Dropdown" FillInChoice="FALSE" Group="Iascend Columns" ID="{620d26ce-81de-4e3b-aca4-8b487bd1823b}" SourceID="{42d49013-e486-45d6-9db8-4d4fdf6483ba}" StaticName="DocumentType" Name="DocumentType" Version="1" Hidden="FALSE" Customization="" ReadOnly="FALSE" PITarget="" PrimaryPITarget="" PIAttribute="" PrimaryPIAttribute="" Aggregation="" Node=""><CHOICES><CHOICE>FAQ</CHOICE><CHOICE>InternalDocuments</CHOICE><CHOICE>BusinessManagement</CHOICE><CHOICE>News</CHOICE><CHOICE>Other</CHOICE></CHOICES></Field><Field Type="Number" DisplayName="SortOrder" Required="FALSE" EnforceUniqueValues="FALSE" Indexed="FALSE" Decimals="0" Group="Iascend Columns" ID="{22a4a0ea-3cec-46db-b877-2f429bf16099}" SourceID="{42d49013-e486-45d6-9db8-4d4fdf6483ba}" StaticName="SortOrder" Name="SortOrder" Percentage="FALSE" Version="1" Hidden="FALSE" Customization="" ReadOnly="FALSE" PITarget="" PrimaryPITarget="" PIAttribute="" PrimaryPIAttribute="" Aggregation="" Node="" /></Fields><XmlDocuments><XmlDocument NamespaceURI="http://schemas.microsoft.com/sharepoint/v3/contenttype/forms"><FormTemplates xmlns="http://schemas.microsoft.com/sharepoint/v3/contenttype/forms"><Display>DocumentLibraryForm</Display><Edit>DocumentLibraryForm</Edit><New>DocumentLibraryForm</New></FormTemplates></XmlDocument></XmlDocuments></ContentType>
<ContentType ID="0x010100C568DB52D9D0A14D9B2FDCC96666E9F2007948130EC3DB064584E219954237AF3905" Name="WelcomePages" Group="Iascend" Version="0"><Folder TargetName="_cts/WelcomePages" /><Fields><Field ID="{c042a256-787d-4a6f-8a8a-cf6ab767f12d}" Name="ContentType" SourceID="http://schemas.microsoft.com/sharepoint/v3" StaticName="ContentType" Group="_Hidden" Type="Computed" DisplayName="Content Type" Sealed="TRUE" Sortable="FALSE" RenderXMLUsingPattern="TRUE" PITarget="MicrosoftWindowsSharePointServices" PIAttribute="ContentTypeID" Customization=""><FieldRefs><FieldRef ID="{03e45e84-1992-4d42-9116-26f756012634}" Name="ContentTypeId" /></FieldRefs><DisplayPattern><MapToContentType><Column Name="ContentTypeId" /></MapToContentType></DisplayPattern></Field><Field ID="{5f47e085-2150-41dc-b661-442f3027f552}" Name="SelectFilename" SourceID="http://schemas.microsoft.com/sharepoint/v3" StaticName="SelectFilename" Group="_Hidden" ReadOnly="TRUE" Type="Computed" DisplayName="Select" Hidden="TRUE" CanToggleHidden="TRUE" Filterable="FALSE" AuthoringInfo="(web part connection)" HeaderImage="blank.gif" Sortable="FALSE" Customization=""><FieldRefs><FieldRef ID="{1d22ea11-1e32-424e-89ab-9fedbadb6ce1}" Name="ID" /></FieldRefs><DisplayPattern><IfEqual><Expr1><GetVar Name="SelectedID" /></Expr1><Expr2><Column Name="ID" /></Expr2><Then><HTML><![CDATA[<img align="absmiddle" style="cursor: hand" src="/_layouts/images/rbsel.gif" alt="]]></HTML><HTML>Selected</HTML><HTML><![CDATA[">]]></HTML></Then><Else><HTML><![CDATA[<a href="javascript:SelectField(']]></HTML><GetVar Name="View" /><HTML><![CDATA[',']]></HTML><ScriptQuote NotAddingQuote="TRUE"><Column Name="ID" /></ScriptQuote><HTML><![CDATA[');return false;" onclick="javascript:SelectField(']]></HTML><GetVar Name="View" /><HTML><![CDATA[',']]></HTML><ScriptQuote NotAddingQuote="TRUE"><Column Name="ID" /></ScriptQuote><HTML><![CDATA[');return false;" target="_self">]]></HTML><HTML><![CDATA[<img border="0" align="absmiddle" style="cursor: hand" src="/_layouts/images/rbunsel.gif"  alt="]]></HTML><HTML>Normal</HTML><HTML><![CDATA[">]]></HTML><HTML><![CDATA[</a>]]></HTML></Else></IfEqual></DisplayPattern></Field><Field ID="{8553196d-ec8d-4564-9861-3dbe931050c8}" Name="FileLeafRef" SourceID="http://schemas.microsoft.com/sharepoint/v3" StaticName="FileLeafRef" Group="_Hidden" ShowInFileDlg="FALSE" ShowInVersionHistory="FALSE" Type="File" DisplayName="Name" AuthoringInfo="(for use in forms)" List="Docs" FieldRef="ID" ShowField="LeafName" JoinColName="DoclibRowId" JoinRowOrdinal="0" JoinType="INNER" Required="TRUE" Customization="" /><Field ID="{8c06beca-0777-48f7-91c7-6da68bc07b69}" Name="Created" SourceID="http://schemas.microsoft.com/sharepoint/v3" StaticName="Created" Group="_Hidden" ColName="tp_Created" RowOrdinal="0" ReadOnly="TRUE" Type="DateTime" DisplayName="Created" StorageTZ="TRUE" Hidden="TRUE" Customization="" /><Field ID="{fa564e0f-0c70-4ab9-b863-0177e6ddd247}" Name="Title" SourceID="http://schemas.microsoft.com/sharepoint/v3" StaticName="Title" Group="_Hidden" Type="Text" DisplayName="Title" Required="FALSE" FromBaseType="TRUE" Customization="" ShowInNewForm="FALSE" ShowInEditForm="TRUE" /><Field ID="{28cf69c5-fa48-462a-b5cd-27b6f9d2bd5f}" Name="Modified" SourceID="http://schemas.microsoft.com/sharepoint/v3" StaticName="Modified" Group="_Hidden" ColName="tp_Modified" RowOrdinal="0" ReadOnly="TRUE" Type="DateTime" DisplayName="Modified" StorageTZ="TRUE" Hidden="TRUE" Customization="" /><Field ID="{822c78e3-1ea9-4943-b449-57863ad33ca9}" Name="Modified_x0020_By" SourceID="http://schemas.microsoft.com/sharepoint/v3" StaticName="Modified_x0020_By" Group="_Hidden" ReadOnly="TRUE" Hidden="FALSE" Type="Text" DisplayName="Document Modified By" Customization="" /><Field ID="{4dd7e525-8d6b-4cb4-9d3e-44ee25f973eb}" Name="Created_x0020_By" SourceID="http://schemas.microsoft.com/sharepoint/v3" StaticName="Created_x0020_By" Group="_Hidden" ReadOnly="TRUE" Hidden="FALSE" Type="Text" DisplayName="Document Created By" Customization="" /><Field ID="{9da97a8a-1da5-4a77-98d3-4bc10456e700}" Type="Note" RichText="TRUE" Name="Comments" Group="_Hidden" DisplayName="Comments" Sortable="FALSE" SourceID="http://schemas.microsoft.com/sharepoint/v3" StaticName="Comments" Customization="" /><Field ID="{51d39414-03dc-4bd0-b777-d3e20cb350f7}" Name="PublishingStartDate" StaticName="PublishingStartDate" SourceID="http://schemas.microsoft.com/sharepoint/v3" Group="Publishing Columns" DisplayName="Scheduling Start Date" Type="PublishingScheduleStartDateFieldType" Required="FALSE" CanToggleHidden="TRUE" Sealed="TRUE" StorageTZ="UTC" Customization="" /><Field ID="{a990e64f-faa3-49c1-aafa-885fda79de62}" Name="PublishingExpirationDate" StaticName="PublishingExpirationDate" SourceID="http://schemas.microsoft.com/sharepoint/v3" Group="Publishing Columns" DisplayName="Scheduling End Date" Type="PublishingScheduleEndDateFieldType" Required="FALSE" CanToggleHidden="TRUE" Sealed="TRUE" StorageTZ="UTC" Customization="" /><Field ID="{aea1a4dd-0f19-417d-8721-95a1d28762ab}" Name="PublishingContact" StaticName="PublishingContact" SourceID="http://schemas.microsoft.com/sharepoint/v3" Group="Publishing Columns" DisplayName="Contact" Type="User" Required="FALSE" Sealed="TRUE" List="UserInfo" Customization="" /><Field ID="{c79dba91-e60b-400e-973d-c6d06f192720}" Name="PublishingContactEmail" StaticName="PublishingContactEmail" SourceID="http://schemas.microsoft.com/sharepoint/v3" Group="Publishing Columns" DisplayName="Contact E-Mail Address" Type="Text" Required="FALSE" Sealed="TRUE" MaxLength="255" Customization="" /><Field ID="{7546ad0d-6c33-4501-b470-fb3003ca14ba}" Name="PublishingContactName" StaticName="PublishingContactName" SourceID="http://schemas.microsoft.com/sharepoint/v3" Group="Publishing Columns" DisplayName="Contact Name" Type="Text" Required="FALSE" Sealed="TRUE" MaxLength="255" Customization="" /><Field ID="{dc47d55f-9bf9-494a-8d5b-e619214dd19a}" Name="PublishingContactPicture" StaticName="PublishingContactPicture" SourceID="http://schemas.microsoft.com/sharepoint/v3" Group="Publishing Columns" DisplayName="Contact Picture" Type="URL" Format="Image" Required="FALSE" Sealed="TRUE" Customization="" /><Field ID="{0f800910-b30d-4c8f-b011-8189b2297094}" Name="PublishingPageLayout" StaticName="PublishingPageLayout" SourceID="http://schemas.microsoft.com/sharepoint/v3" Group="Publishing Columns" DisplayName="Page Layout" Type="URL" Required="FALSE" Sealed="TRUE" ReadOnly="TRUE" Customization="" /><Field ID="{914fdb80-7d4f-4500-bf4c-ce46ad7484a4}" Name="PublishingVariationGroupID" StaticName="PublishingVariationGroupID" SourceID="http://schemas.microsoft.com/sharepoint/v3" Group="_Hidden" DisplayName="Variation Group ID" Type="Text" Required="FALSE" Sealed="TRUE" Hidden="TRUE" MaxLength="255" Customization="" /><Field ID="{766da693-38e5-4b1b-997f-e830b6dfcc7b}" Name="PublishingVariationRelationshipLinkFieldID" StaticName="PublishingVariationRelationshipLinkFieldID" SourceID="http://schemas.microsoft.com/sharepoint/v3" Group="_Hidden" DisplayName="Variation Relationship Link" Type="URL" Required="FALSE" Sealed="TRUE" Hidden="TRUE" Customization="" /><Field ID="{543BC2CF-1F30-488e-8F25-6FE3B689D9AC}" Name="PublishingRollupImage" StaticName="PublishingRollupImage" SourceID="http://schemas.microsoft.com/sharepoint/v3" Group="Page Layout Columns" DisplayName="Rollup Image" Type="Image" Required="FALSE" Sealed="TRUE" RichText="TRUE" RichTextMode="FullHtml" Customization="" /><Field ID="{61cbb965-1e04-4273-b658-eedaa662f48d}" Name="Audience" StaticName="Audience" SourceID="http://schemas.microsoft.com/sharepoint/v3" Group="Publishing Columns" DisplayName="Target Audiences" Type="TargetTo" Required="FALSE" Sealed="TRUE" Customization=""></Field></Fields><DocumentTemplate TargetName="/_layouts/CreatePage.aspx" /><XmlDocuments><XmlDocument NamespaceURI="http://schemas.microsoft.com/sharepoint/v3/contenttype/forms"><FormTemplates xmlns="http://schemas.microsoft.com/sharepoint/v3/contenttype/forms"><Display>DocumentLibraryForm</Display><Edit>DocumentLibraryForm</Edit><New>DocumentLibraryForm</New></FormTemplates></XmlDocument></XmlDocuments></ContentType>
<ContentType ID="0x010400ED40B44DFC5F1A458AF2073EF03D121B" Name="AlertsTicker" Group="Iascend" Version="1"><Folder TargetName="_cts/AlertsTicker" /><Fields><Field ID="{c042a256-787d-4a6f-8a8a-cf6ab767f12d}" Name="ContentType" SourceID="http://schemas.microsoft.com/sharepoint/v3" StaticName="ContentType" Group="_Hidden" Type="Computed" DisplayName="Content Type" Sealed="TRUE" Sortable="FALSE" RenderXMLUsingPattern="TRUE" PITarget="MicrosoftWindowsSharePointServices" PIAttribute="ContentTypeID" Customization=""><FieldRefs><FieldRef ID="{03e45e84-1992-4d42-9116-26f756012634}" Name="ContentTypeId" /></FieldRefs><DisplayPattern><MapToContentType><Column Name="ContentTypeId" /></MapToContentType></DisplayPattern></Field><Field ID="{fa564e0f-0c70-4ab9-b863-0177e6ddd247}" Name="Title" SourceID="http://schemas.microsoft.com/sharepoint/v3" StaticName="Title" Group="_Hidden" Type="Text" DisplayName="Title" Required="TRUE" FromBaseType="TRUE" Customization="" ShowInNewForm="TRUE" ShowInEditForm="TRUE" /><Field ID="{7662cd2c-f069-4dba-9e35-082cf976e170}" Name="Body" SourceID="http://schemas.microsoft.com/sharepoint/v3" StaticName="Body" Group="_Hidden" Type="Note" RichText="TRUE" RichTextMode="FullHtml" IsolateStyles="TRUE" DisplayName="Body" Sortable="FALSE" NumLines="15" Customization="" /><Field ID="{6a09e75b-8d17-4698-94a8-371eda1af1ac}" Name="Expires" SourceID="http://schemas.microsoft.com/sharepoint/v3" StaticName="Expires" Group="_Hidden" Type="DateTime" DisplayName="Expires" Format="DateOnly" Customization="" /><Field Type="Number" DisplayName="SortOrder" Required="FALSE" EnforceUniqueValues="FALSE" Indexed="FALSE" Decimals="0" Group="Iascend Columns" ID="{22a4a0ea-3cec-46db-b877-2f429bf16099}" SourceID="{42d49013-e486-45d6-9db8-4d4fdf6483ba}" StaticName="SortOrder" Name="SortOrder" Percentage="FALSE" Version="1" Customization="" /></Fields><XmlDocuments><XmlDocument NamespaceURI="http://schemas.microsoft.com/sharepoint/v3/contenttype/forms"><FormTemplates xmlns="http://schemas.microsoft.com/sharepoint/v3/contenttype/forms"><Display>ListForm</Display><Edit>ListForm</Edit><New>ListForm</New></FormTemplates></XmlDocument></XmlDocuments></ContentType>
</ContentTypes>
