<?xml version="1.0" encoding="utf-8"?>
<Feature xmlns="http://schemas.microsoft.com/sharepoint/" Id="5f3c4c2d-696f-4fea-b8c0-6414736d14f8" Scope="Site" Title="Iascend.Intranet.Webparts Feature">
  <ElementManifests>
    <ElementManifest Location="Alerts\Elements.xml" />
    <ElementFile Location="Alerts\Alerts.webpart" />
    <ElementManifest Location="UpcomingEvents\Elements.xml" />
    <ElementFile Location="UpcomingEvents\UpcomingEvents.webpart" />
    <ElementManifest Location="RandomStoryRotater\Elements.xml" />
    <ElementFile Location="RandomStoryRotater\RandomStoryRotater.webpart" />
    <ElementManifest Location="RandomStoryRotaterList\Elements.xml" />
    <ElementFile Location="RandomStoryRotaterList\Schema.xml" />
    <ElementManifest Location="ImageRotator\Elements.xml" />
    <ElementFile Location="ImageRotator\ImageRotator.webpart" />
    <ElementManifest Location="AlertsList\Elements.xml" />
    <ElementFile Location="AlertsList\Schema.xml" />
    <ElementManifest Location="AlertsContentType\Elements.xml" />
    <ElementManifest Location="UpcomingEventsContentType\Elements.xml" />
    <ElementManifest Location="UpcomingEventsList\Elements.xml" />
    <ElementFile Location="UpcomingEventsList\Schema.xml" />
    <ElementManifest Location="ImageRotatorContentType\Elements.xml" />
    <ElementManifest Location="ImageRotatorLibrary\Elements.xml" />
    <ElementFile Location="ImageRotatorLibrary\Schema.xml" />
    <ElementFile Location="ImageRotatorLibrary\EditDlg.htm" />
    <ElementFile Location="ImageRotatorLibrary\FileDlg.htm" />
    <ElementFile Location="ImageRotatorLibrary\Repair.aspx" />
    <ElementFile Location="ImageRotatorLibrary\Upload.aspx" />
  </ElementManifests>
</Feature>
