<?xml version="1.0" encoding="utf-8"?>
<Elements xmlns="http://schemas.microsoft.com/sharepoint/">
    <Field ID="{4C00CB4C-9C94-4581-8432-9FE400F400C9}"
       Name="Link" Type="URL"
       DisplayName="Link"  Required="FALSE">
    </Field>
  <!-- Parent ContentType: Document (0x0101) -->
  <ContentType ID="0x0101006e7561643c374b26b6aa9fe5425dfbaf"
               Name="ImageRotatorContentType"
               Group="Iascend Content Types"
               Description="My Content Type"
               Inherits="TRUE"
               Version="0"
               >
    <FieldRefs>
        <FieldRef ID="{d3a92d97-2b77-4a25-9698-3ab54874bc12}"
 Name="Display" DisplayName="Display"  />
        <FieldRef ID="{4C00CB4C-9C94-4581-8432-9FE400F400C9}"
 Name="Link" DisplayName="Link"  />
    </FieldRefs>
   
  </ContentType>
</Elements>
