<?xml version="1.0" encoding="utf-8"?>
<Solution xmlns="http://schemas.microsoft.com/sharepoint/" SolutionId="27aa0f03-df55-4b92-85da-baf6ab7b519a" SharePointProductVersion="14.0">
  <Assemblies>
    <Assembly Location="Superior.Intranet.Site.dll" DeploymentTarget="GlobalAssemblyCache">
      <SafeControls>
        <SafeControl Assembly="Superior.Intranet.Site, Version=1.0.0.0, Culture=neutral, PublicKeyToken=98b595fed1465bef" Namespace="Iascend.Intranet.Site.EmailAlertButtons" TypeName="*" />
      </SafeControls>
    </Assembly>
  </Assemblies>
  <TemplateFiles>
    <TemplateFile Location="Layouts\Superior.Intranet.Site\Script\jquery.corner.js" />
    <TemplateFile Location="Layouts\Superior.Intranet.Site\Script\RibbonScripts.js" />
    <TemplateFile Location="Layouts\Superior.Intranet.Site\CSS\hu.css" />
    <TemplateFile Location="Layouts\Superior.Intranet.Site\CSS\video-js.css" />
    <TemplateFile Location="Layouts\Superior.Intranet.Site\Script\jquery-1.4.4.min.js" />
    <TemplateFile Location="Layouts\Superior.Intranet.Site\Script\video.js" />
    <TemplateFile Location="Layouts\Superior.Intranet.Site\SendAlertEmail.aspx" />
    <TemplateFile Location="Layouts\Superior.Intranet.Site\SendOutageResolution.aspx" />
    <TemplateFile Location="Images\Superior.Intranet.Site\icon-email-sm.gif" />
    <TemplateFile Location="Images\Superior.Intranet.Site\icon-email.gif" />
    <TemplateFile Location="Images\Superior.Intranet.Site\Icon16x16.gif" />
    <TemplateFile Location="Images\Superior.Intranet.Site\Icon32x32.gif" />
  </TemplateFiles>
  <FeatureManifests>
    <FeatureManifest Location="Iascend.Intranet.Site_Feature1\Feature.xml" />
  </FeatureManifests>
</Solution>
