﻿<?xml version="1.0" encoding="utf-8"?>
<Solution xmlns="http://schemas.microsoft.com/sharepoint/" SolutionId="135e836e-f27c-4713-ad78-310b15bd38a2" SharePointProductVersion="14.0">
  <Assemblies>
    <Assembly Location="Iascend.Intranet.Business.dll" DeploymentTarget="GlobalAssemblyCache" />
    <Assembly Location="Iascend.Intranet.Data.dll" DeploymentTarget="GlobalAssemblyCache" />
    <Assembly Location="Iascend.Intranet.EnumsConstants.dll" DeploymentTarget="GlobalAssemblyCache" />
    <Assembly Location="Iascend.Intranet.Framework.dll" DeploymentTarget="GlobalAssemblyCache" />
    <Assembly Location="Iascend.Intranet.Model.dll" DeploymentTarget="GlobalAssemblyCache" />
    <Assembly Location="Iascend.Intranet.Webparts.dll" DeploymentTarget="GlobalAssemblyCache">
      <SafeControls>
        <SafeControl Assembly="Iascend.Intranet.Webparts, Version=1.0.0.0, Culture=neutral, PublicKeyToken=9ba81208f23ee4ee" Namespace="Iascend.Intranet.Webparts.Alerts" TypeName="*" />
        <SafeControl Assembly="Iascend.Intranet.Webparts, Version=1.0.0.0, Culture=neutral, PublicKeyToken=9ba81208f23ee4ee" Namespace="Iascend.Intranet.Webparts.UpcomingEvents" TypeName="*" />
        <SafeControl Assembly="Iascend.Intranet.Webparts, Version=1.0.0.0, Culture=neutral, PublicKeyToken=9ba81208f23ee4ee" Namespace="Iascend.Intranet.Webparts.RandomStoryRotater" TypeName="*" />
        <SafeControl Assembly="Iascend.Intranet.Webparts, Version=1.0.0.0, Culture=neutral, PublicKeyToken=9ba81208f23ee4ee" Namespace="Iascend.Intranet.Webparts.ImageRotator" TypeName="*" />
      </SafeControls>
    </Assembly>
  </Assemblies>
  <TemplateFiles>
    <TemplateFile Location="CONTROLTEMPLATES\Iascend.Intranet.Webparts\Alerts\AlertsUserControl.ascx" />
    <TemplateFile Location="CONTROLTEMPLATES\Iascend.Intranet.Webparts\UpcomingEvents\UpcomingEventsUserControl.ascx" />
    <TemplateFile Location="CONTROLTEMPLATES\Iascend.Intranet.Webparts\RandomStoryRotater\RandomStoryRotaterUserControl.ascx" />
    <TemplateFile Location="CONTROLTEMPLATES\Iascend.Intranet.Webparts\ImageRotator\ImageRotatorUserControl.ascx" />
    <TemplateFile Location="Layouts\Iascend.Intranet.Webparts\images\home_header_stocks.gif" />
    <TemplateFile Location="Layouts\jquery.cycle.all.min.js" />
  </TemplateFiles>
  <FeatureManifests>
    <FeatureManifest Location="Iascend.Intranet.Webparts_Feature1\Feature.xml" />
  </FeatureManifests>
</Solution>