﻿<Setup>
  <Sites>
    <TopSiteName url="GAP" template="BLANKINTERNET#2" lcid="1033" title="Global Architecture and Planning"></TopSiteName>
    <SubSiteName url="EA" template="STS#0" lcid="1033" title="Enterprise Architecture"></SubSiteName>
    <SubSiteName url="CoE" template="STS#0" lcid="1033" title="Centers of Excellence"></SubSiteName>
    <SubSiteName url="SSE" template="STS#0" lcid="1033" title="Systems and Software Engineering"></SubSiteName>
  </Sites>
  <Sites>
    <TopSiteName url="GSS" template="BLANKINTERNET#2" lcid="1033" title="Global Shared Services"></TopSiteName>
    <SubSiteName url="IS" template="STS#0" lcid="1033" title="Infrastructure Services"></SubSiteName>
    <SubSiteName url="AS" template="STS#0" lcid="1033" title="Application Services"></SubSiteName>
    <SubSiteName url="CS" template="STS#0" lcid="1033" title="Client Services"></SubSiteName>
  </Sites>
  <Sites>
    <TopSiteName url="GPS" template="STS#0" lcid="1033" title="Global Professional Services"></TopSiteName>
    <SubSiteName url="BRM" template="STS#0" lcid="1033" title="Business Relationship Management"></SubSiteName>
    <SubSiteName url="PMO" template="STS#0" lcid="1033" title="Project Management Office"></SubSiteName>
    <SubSiteName url="BM" template="STS#0" lcid="1033" title="Business Management"></SubSiteName>
  </Sites>
</Setup>